"Emergency","Module_Name","Modupe_Type","Value","Updated_at"
"car","Estimated number of Internally Displaced Persons in Bangui","Total Population & Demogrpahy",129800,2014-05-22
"car","Estimated number of Internally Displaced Persons in CAR","Total Population & Demogrpahy",554800,2014-05-22
"car","Estimated number of Internally Displaced Persons in CAR","Total Population & Demogrpahy",554800,2014-05-22
"car","Estimated number of Internally Displaced Persons in CAR","Total Population & Demogrpahy",554800,2014-05-22
"car","Estimated number of Internally Displaced Persons in CAR","Total Population & Demogrpahy",127213,2013-12-10
"car","Estimated number of Internally Displaced Persons in CAR","Total Population & Demogrpahy",213760,2013-12-17
"car","Estimated number of Internally Displaced Persons in CAR","Total Population & Demogrpahy",424105,2013-12-24
"car","Estimated number of Internally Displaced Persons in CAR","Total Population & Demogrpahy",567635,2014-05-11
"car","Estimated number of Internally Displaced Persons in CAR","Total Population & Demogrpahy",601746,2013-12-31
"car","Estimated number of Internally Displaced Persons in CAR","Total Population & Demogrpahy",602000,2014-03-08
"car","Estimated number of Internally Displaced Persons in CAR","Total Population & Demogrpahy",602891,2014-04-22
"car","Estimated number of Internally Displaced Persons in CAR","Total Population & Demogrpahy",615700,2014-03-17
"car","Estimated number of Internally Displaced Persons in CAR","Total Population & Demogrpahy",625000,2014-03-25
"car","Estimated number of Internally Displaced Persons in CAR","Total Population & Demogrpahy",628500,2014-04-08
"car","Estimated number of Internally Displaced Persons in CAR","Total Population & Demogrpahy",632700,2014-04-03
"car","Estimated number of Internally Displaced Persons in CAR","Total Population & Demogrpahy",643740,2014-04-15
"car","Estimated number of Internally Displaced Persons in CAR","Total Population & Demogrpahy",698500,2014-02-18
"car","Estimated number of Internally Displaced Persons in CAR","Total Population & Demogrpahy",701500,2014-02-25
"car","Estimated number of Internally Displaced Persons in CAR","Total Population & Demogrpahy",714000,2014-02-11
"car","Estimated number of Internally Displaced Persons in CAR","Total Population & Demogrpahy",77724,2013-12-08
"car","Estimated number of Internally Displaced Persons in CAR","Total Population & Demogrpahy",825000,2014-01-28
"car","Estimated number of Internally Displaced Persons in CAR","Total Population & Demogrpahy",838000,2014-02-04
"car","Estimated number of Internally Displaced Persons in CAR","Total Population & Demogrpahy",885000,2014-01-08
"car","Estimated number of Internally Displaced Persons in CAR","Total Population & Demogrpahy",886000,2014-01-15
"car","Estimated number of Internally Displaced Persons in CAR","Total Population & Demogrpahy",922000,2014-01-21
"car","Estimated number of Internally Displaced Persons in CAR","Total Population & Demogrpahy",94473,2013-12-05
"car","Estimated number of Internally Displaced Persons in CAR","Total Population & Demogrpahy",95097,2013-12-09
"car","Refugees from the Central African Republic","Total Population & Demogrpahy",347386,2014-06-09
"car","Refugees from the Central African Republic","Total Population & Demogrpahy",346909,2014-05-26
"car","Refugees from the Central African Republic","Total Population & Demogrpahy",346909,2014-05-26
"car","Refugees from the Central African Republic","Total Population & Demogrpahy",346909,2014-05-26
"car","Refugees from the Central African Republic","Total Population & Demogrpahy",145287,2013-12-04
"car","Refugees from the Central African Republic","Total Population & Demogrpahy",155519,2013-12-16
"car","Refugees from the Central African Republic","Total Population & Demogrpahy",226505,2013-12-18
"car","Refugees from the Central African Republic","Total Population & Demogrpahy",227492,2013-12-31
"car","Refugees from the Central African Republic","Total Population & Demogrpahy",239937,2014-02-06
"car","Refugees from the Central African Republic","Total Population & Demogrpahy",240419,2014-02-09
"car","Refugees from the Central African Republic","Total Population & Demogrpahy",241878,2014-02-19
"car","Refugees from the Central African Republic","Total Population & Demogrpahy",247381,2014-02-28
"car","Refugees from the Central African Republic","Total Population & Demogrpahy",294248,2014-03-19
"car","Refugees from the Central African Republic","Total Population & Demogrpahy",297725,2014-03-22
"car","Refugees from the Central African Republic","Total Population & Demogrpahy",299091,2014-03-25
"car","Refugees from the Central African Republic","Total Population & Demogrpahy",301758,2014-03-31
"car","Refugees from the Central African Republic","Total Population & Demogrpahy",301965,2014-04-01
"car","Refugees from the Central African Republic","Total Population & Demogrpahy",324827,2014-04-05
"car","Refugees from the Central African Republic","Total Population & Demogrpahy",326700,2014-04-11
"car","Refugees from the Central African Republic","Total Population & Demogrpahy",330878,2014-04-17
"car","Refugees from the Central African Republic","Total Population & Demogrpahy",330926,2014-04-18
"car","Refugees from the Central African Republic","Total Population & Demogrpahy",330947,2014-04-23
"car","Refugees from the Central African Republic","Total Population & Demogrpahy",336753,2014-04-14
"car","Refugees from the Central African Republic","Total Population & Demogrpahy",337031,2014-04-15
"car","Refugees from the Central African Republic","Total Population & Demogrpahy",337345,2014-04-25
"car","Refugees from the Central African Republic","Total Population & Demogrpahy",340763,2014-05-11
"car","Refugees from the Central African Republic","Total Population & Demogrpahy",340904,2014-05-15
"car","Refugees from the Central African Republic","Total Population & Demogrpahy",340954,2014-05-18
"car","Refugees from the Central African Republic","Total Population & Demogrpahy",342229,2014-04-29
"car","Refugees from the Central African Republic","Total Population & Demogrpahy",342344,2014-04-30
"car","Refugees from the Central African Republic","Total Population & Demogrpahy",342535,2014-05-08
"car","Refugees from the Central African Republic","Total Population & Demogrpahy",342638,2014-04-28
"car","Refugees from the Central African Republic","Total Population & Demogrpahy",346698,2014-05-25
"car","Refugees from the Central African Republic","Total Population & Demogrpahy",92221,2013-02-28
"car","Refugees from the Central African Republic","Total Population & Demogrpahy",97370,2013-11-30
"horn","Registered Somali Refugee Population","Total Population & Demogrpahy",952930,2014-06-05
"horn","Registered Somali Refugee Population","Total Population & Demogrpahy",952237,2014-06-05
"horn","Registered Somali Refugee Population","Total Population & Demogrpahy",952531,2014-05-31
"horn","Registered Somali Refugee Population","Total Population & Demogrpahy",949735,2014-05-17
"liberia","Registered Refugee Population","Total Population & Demogrpahy",42111,2014-05-31
"liberia","Registered Refugee Population","Total Population & Demogrpahy",42026,2014-04-30
"liberia","Registered Refugee Population","Total Population & Demogrpahy",42026,2014-04-30
"liberia","Registered Refugee Population","Total Population & Demogrpahy",42026,2014-04-30
"liberia","Registered Refugee Population","Total Population & Demogrpahy",0,2011-12-31
"liberia","Registered Refugee Population","Total Population & Demogrpahy",43613,2014-03-31
"liberia","Registered Refugee Population","Total Population & Demogrpahy",46267,2014-02-28
"liberia","Registered Refugee Population","Total Population & Demogrpahy",51419,2012-07-31
"liberia","Registered Refugee Population","Total Population & Demogrpahy",51525,2014-01-31
"liberia","Registered Refugee Population","Total Population & Demogrpahy",51778,2012-06-30
"liberia","Registered Refugee Population","Total Population & Demogrpahy",52524,2012-05-31
"liberia","Registered Refugee Population","Total Population & Demogrpahy",52786,2014-01-01
"liberia","Registered Refugee Population","Total Population & Demogrpahy",54618,2013-12-01
"liberia","Registered Refugee Population","Total Population & Demogrpahy",57436,2012-08-31
"liberia","Registered Refugee Population","Total Population & Demogrpahy",57724,2013-11-01
"liberia","Registered Refugee Population","Total Population & Demogrpahy",58276,2013-08-02
"liberia","Registered Refugee Population","Total Population & Demogrpahy",58331,2013-10-01
"liberia","Registered Refugee Population","Total Population & Demogrpahy",58484,2013-07-01
"liberia","Registered Refugee Population","Total Population & Demogrpahy",58710,2013-09-02
"liberia","Registered Refugee Population","Total Population & Demogrpahy",58965,2012-09-30
"liberia","Registered Refugee Population","Total Population & Demogrpahy",59642,2013-06-05
"liberia","Registered Refugee Population","Total Population & Demogrpahy",59822,2012-11-09
"liberia","Registered Refugee Population","Total Population & Demogrpahy",60385,2013-05-07
"liberia","Registered Refugee Population","Total Population & Demogrpahy",60432,2013-01-16
"liberia","Registered Refugee Population","Total Population & Demogrpahy",60752,2013-02-03
"liberia","Registered Refugee Population","Total Population & Demogrpahy",61153,2013-04-03
"liberia","Registered Refugee Population","Total Population & Demogrpahy",61171,2012-12-04
"liberia","Registered Refugee Population","Total Population & Demogrpahy",61587,2012-04-30
"liberia","Registered Refugee Population","Total Population & Demogrpahy",61703,2013-04-01
"liberia","Registered Refugee Population","Total Population & Demogrpahy",64620,2012-03-31
"southsudan","Refugees from South Sudan in neighbouring countries: Post 15 Dec 2013","Total Population & Demogrpahy",378016,2014-06-06
"southsudan","Refugees from South Sudan in neighbouring countries: Post 15 Dec 2013","Total Population & Demogrpahy",367676,2014-06-05
"southsudan","Refugees from South Sudan in neighbouring countries: Post 15 Dec 2013","Total Population & Demogrpahy",367260,2014-06-04
"southsudan","Refugees from South Sudan in neighbouring countries: Post 15 Dec 2013","Total Population & Demogrpahy",366420,2014-05-30
"southsudan","Refugees from South Sudan in neighbouring countries: Post 15 Dec 2013","Total Population & Demogrpahy",365150,2014-05-29
"southsudan","Refugees from South Sudan in neighbouring countries: Pre 15 Dec 2013","Total Population & Demogrpahy",111058,2014-05-21
"southsudan","Refugees from South Sudan in neighbouring countries: Total","Total Population & Demogrpahy",489074,2014-06-06
"southsudan","Refugees from South Sudan in neighbouring countries: Total","Total Population & Demogrpahy",478734,2014-06-05
"southsudan","Refugees from South Sudan in neighbouring countries: Total","Total Population & Demogrpahy",478318,2014-06-04
"southsudan","Refugees from South Sudan in neighbouring countries: Total","Total Population & Demogrpahy",477478,2014-05-30
"southsudan","Refugees from South Sudan in neighbouring countries: Total","Total Population & Demogrpahy",476208,2014-05-29
"southsudan","Refugees in South Sudan","Total Population & Demogrpahy",239747,2014-06-09
"southsudan","Refugees in South Sudan","Total Population & Demogrpahy",239293,2014-05-31
"southsudan","Refugees in South Sudan","Total Population & Demogrpahy",238261,2014-05-19
"southsudan","Refugees from South Sudan in neighbouring countries Total","Total Population & Demogrpahy",194510,2014-02-15
"southsudan","Refugees from South Sudan in neighbouring countries Total","Total Population & Demogrpahy",301184,2014-03-27
"southsudan","Refugees from South Sudan in neighbouring countries Total","Total Population & Demogrpahy",174127,2014-01-30
"southsudan","Refugees from South Sudan in neighbouring countries Total","Total Population & Demogrpahy",175863,2014-02-04
"southsudan","Refugees from South Sudan in neighbouring countries Total","Total Population & Demogrpahy",266476,2014-03-14
"southsudan","Refugees from South Sudan in neighbouring countries Total","Total Population & Demogrpahy",292762,2014-03-21
"southsudan","Refugees from South Sudan in neighbouring countries Total","Total Population & Demogrpahy",294640,2014-03-22
"southsudan","Refugees from South Sudan in neighbouring countries Total","Total Population & Demogrpahy",476208,2014-05-29
"southsudan","Refugees from South Sudan in neighbouring countries Total","Total Population & Demogrpahy",109714,2013-12-17
"southsudan","Refugees from South Sudan in neighbouring countries Total","Total Population & Demogrpahy",109731,2013-12-18
"southsudan","Refugees from South Sudan in neighbouring countries Total","Total Population & Demogrpahy",109915,2013-12-24
"southsudan","Refugees from South Sudan in neighbouring countries Total","Total Population & Demogrpahy",176882,2014-02-06
"southsudan","Refugees from South Sudan in neighbouring countries Total","Total Population & Demogrpahy",191005,2014-02-10
"southsudan","Refugees from South Sudan in neighbouring countries Total","Total Population & Demogrpahy",289961,2014-03-19
"southsudan","Refugees from South Sudan in neighbouring countries Total","Total Population & Demogrpahy",297109,2014-03-24
"southsudan","Refugees from South Sudan in neighbouring countries Total","Total Population & Demogrpahy",298778,2014-03-25
"southsudan","Refugees from South Sudan in neighbouring countries Total","Total Population & Demogrpahy",309465,2014-04-01
"southsudan","Refugees from South Sudan in neighbouring countries Total","Total Population & Demogrpahy",249344,2014-03-03
"southsudan","Refugees from South Sudan in neighbouring countries Total","Total Population & Demogrpahy",311727,2014-04-04
"southsudan","Refugees from South Sudan in neighbouring countries Total","Total Population & Demogrpahy",111646,2014-01-02
"southsudan","Refugees from South Sudan in neighbouring countries Total","Total Population & Demogrpahy",310445,2014-04-03
"southsudan","Refugees from South Sudan in neighbouring countries Total","Total Population & Demogrpahy",262959,2014-03-10
"southsudan","Refugees from South Sudan in neighbouring countries Total","Total Population & Demogrpahy",318236,2014-04-28
"southsudan","Refugees from South Sudan in neighbouring countries Total","Total Population & Demogrpahy",116477,2014-01-11
"southsudan","Refugees from South Sudan in neighbouring countries Total","Total Population & Demogrpahy",198133,2014-02-20
"southsudan","Refugees from South Sudan in neighbouring countries Total","Total Population & Demogrpahy",303462,2014-03-30
"southsudan","Refugees from South Sudan in neighbouring countries Total","Total Population & Demogrpahy",312734,2014-04-05
"southsudan","Refugees from South Sudan in neighbouring countries Total","Total Population & Demogrpahy",149322,2014-01-19
"southsudan","Refugees from South Sudan in neighbouring countries Total","Total Population & Demogrpahy",310055,2014-04-02
"southsudan","Refugees from South Sudan in neighbouring countries Total","Total Population & Demogrpahy",317265,2014-04-27
"southsudan","Refugees from South Sudan in neighbouring countries Total","Total Population & Demogrpahy",110283,2013-12-27
"southsudan","Refugees from South Sudan in neighbouring countries Total","Total Population & Demogrpahy",110301,2013-12-28
"southsudan","Refugees from South Sudan in neighbouring countries Total","Total Population & Demogrpahy",158535,2014-01-26
"southsudan","Refugees from South Sudan in neighbouring countries Total","Total Population & Demogrpahy",248232,2014-03-02
"southsudan","Refugees from South Sudan in neighbouring countries Total","Total Population & Demogrpahy",312794,2014-04-06
"southsudan","Refugees from South Sudan in neighbouring countries Total","Total Population & Demogrpahy",313996,2014-04-08
"southsudan","Refugees from South Sudan in neighbouring countries Total","Total Population & Demogrpahy",320479,2014-04-29
"southsudan","Refugees from South Sudan in neighbouring countries Total","Total Population & Demogrpahy",113283,2014-01-06
"southsudan","Refugees from South Sudan in neighbouring countries Total","Total Population & Demogrpahy",113933,2014-01-07
"southsudan","Refugees from South Sudan in neighbouring countries Total","Total Population & Demogrpahy",175255,2014-02-03
"southsudan","Refugees from South Sudan in neighbouring countries Total","Total Population & Demogrpahy",262433,2014-03-09
"southsudan","Refugees from South Sudan in neighbouring countries Total","Total Population & Demogrpahy",320565,2014-04-09
"southsudan","Refugees from South Sudan in neighbouring countries Total","Total Population & Demogrpahy",322132,2014-04-30
"southsudan","Refugees from South Sudan in neighbouring countries Total","Total Population & Demogrpahy",354799,2014-05-07
"southsudan","Refugees from South Sudan in neighbouring countries Total","Total Population & Demogrpahy",149010,2014-01-18
"southsudan","Refugees from South Sudan in neighbouring countries Total","Total Population & Demogrpahy",277573,2014-03-18
"southsudan","Refugees from South Sudan in neighbouring countries Total","Total Population & Demogrpahy",109547,2013-12-15
"southsudan","Refugees from South Sudan in neighbouring countries Total","Total Population & Demogrpahy",109659,2013-12-16
"southsudan","Refugees from South Sudan in neighbouring countries Total","Total Population & Demogrpahy",109743,2013-12-19
"southsudan","Refugees from South Sudan in neighbouring countries Total","Total Population & Demogrpahy",109793,2013-12-20
"southsudan","Refugees from South Sudan in neighbouring countries Total","Total Population & Demogrpahy",109806,2013-12-21
"southsudan","Refugees from South Sudan in neighbouring countries Total","Total Population & Demogrpahy",109907,2013-12-23
"southsudan","Refugees from South Sudan in neighbouring countries Total","Total Population & Demogrpahy",110021,2013-12-25
"southsudan","Refugees from South Sudan in neighbouring countries Total","Total Population & Demogrpahy",110228,2013-12-26
"southsudan","Refugees from South Sudan in neighbouring countries Total","Total Population & Demogrpahy",110466,2013-12-29
"southsudan","Refugees from South Sudan in neighbouring countries Total","Total Population & Demogrpahy",110632,2013-12-30
"southsudan","Refugees from South Sudan in neighbouring countries Total","Total Population & Demogrpahy",110906,2013-12-31
"southsudan","Refugees from South Sudan in neighbouring countries Total","Total Population & Demogrpahy",111207,2014-01-01
"southsudan","Refugees from South Sudan in neighbouring countries Total","Total Population & Demogrpahy",111750,2014-01-03
"southsudan","Refugees from South Sudan in neighbouring countries Total","Total Population & Demogrpahy",112138,2014-01-04
"southsudan","Refugees from South Sudan in neighbouring countries Total","Total Population & Demogrpahy",112621,2014-01-05
"southsudan","Refugees from South Sudan in neighbouring countries Total","Total Population & Demogrpahy",114587,2014-01-08
"southsudan","Refugees from South Sudan in neighbouring countries Total","Total Population & Demogrpahy",115359,2014-01-09
"southsudan","Refugees from South Sudan in neighbouring countries Total","Total Population & Demogrpahy",115895,2014-01-10
"southsudan","Refugees from South Sudan in neighbouring countries Total","Total Population & Demogrpahy",134155,2014-01-12
"southsudan","Refugees from South Sudan in neighbouring countries Total","Total Population & Demogrpahy",134606,2014-01-13
"southsudan","Refugees from South Sudan in neighbouring countries Total","Total Population & Demogrpahy",147367,2014-01-14
"southsudan","Refugees from South Sudan in neighbouring countries Total","Total Population & Demogrpahy",147765,2014-01-15
"southsudan","Refugees from South Sudan in neighbouring countries Total","Total Population & Demogrpahy",148261,2014-01-16
"southsudan","Refugees from South Sudan in neighbouring countries Total","Total Population & Demogrpahy",148532,2014-01-17
"southsudan","Refugees from South Sudan in neighbouring countries Total","Total Population & Demogrpahy",149798,2014-01-20
"southsudan","Refugees from South Sudan in neighbouring countries Total","Total Population & Demogrpahy",150546,2014-01-21
"southsudan","Refugees from South Sudan in neighbouring countries Total","Total Population & Demogrpahy",150963,2014-01-22
"southsudan","Refugees from South Sudan in neighbouring countries Total","Total Population & Demogrpahy",151980,2014-01-23
"southsudan","Refugees from South Sudan in neighbouring countries Total","Total Population & Demogrpahy",153261,2014-01-24
"southsudan","Refugees from South Sudan in neighbouring countries Total","Total Population & Demogrpahy",158132,2014-01-25
"southsudan","Refugees from South Sudan in neighbouring countries Total","Total Population & Demogrpahy",159393,2014-01-27
"southsudan","Refugees from South Sudan in neighbouring countries Total","Total Population & Demogrpahy",159840,2014-01-28
"southsudan","Refugees from South Sudan in neighbouring countries Total","Total Population & Demogrpahy",160405,2014-01-29
"southsudan","Refugees from South Sudan in neighbouring countries Total","Total Population & Demogrpahy",174436,2014-01-31
"southsudan","Refugees from South Sudan in neighbouring countries Total","Total Population & Demogrpahy",174869,2014-02-01
"southsudan","Refugees from South Sudan in neighbouring countries Total","Total Population & Demogrpahy",175067,2014-02-02
"southsudan","Refugees from South Sudan in neighbouring countries Total","Total Population & Demogrpahy",176166,2014-02-05
"southsudan","Refugees from South Sudan in neighbouring countries Total","Total Population & Demogrpahy",177788,2014-02-07
"southsudan","Refugees from South Sudan in neighbouring countries Total","Total Population & Demogrpahy",178537,2014-02-08
"southsudan","Refugees from South Sudan in neighbouring countries Total","Total Population & Demogrpahy",178928,2014-02-09
"southsudan","Refugees from South Sudan in neighbouring countries Total","Total Population & Demogrpahy",192486,2014-02-11
"southsudan","Refugees from South Sudan in neighbouring countries Total","Total Population & Demogrpahy",193737,2014-02-12
"southsudan","Refugees from South Sudan in neighbouring countries Total","Total Population & Demogrpahy",193906,2014-02-13
"southsudan","Refugees from South Sudan in neighbouring countries Total","Total Population & Demogrpahy",194364,2014-02-14
"southsudan","Refugees from South Sudan in neighbouring countries Total","Total Population & Demogrpahy",194762,2014-02-16
"southsudan","Refugees from South Sudan in neighbouring countries Total","Total Population & Demogrpahy",195073,2014-02-17
"southsudan","Refugees from South Sudan in neighbouring countries Total","Total Population & Demogrpahy",195243,2014-02-18
"southsudan","Refugees from South Sudan in neighbouring countries Total","Total Population & Demogrpahy",197793,2014-02-19
"southsudan","Refugees from South Sudan in neighbouring countries Total","Total Population & Demogrpahy",198507,2014-02-21
"southsudan","Refugees from South Sudan in neighbouring countries Total","Total Population & Demogrpahy",198641,2014-02-22
"southsudan","Refugees from South Sudan in neighbouring countries Total","Total Population & Demogrpahy",203623,2014-02-23
"southsudan","Refugees from South Sudan in neighbouring countries Total","Total Population & Demogrpahy",204001,2014-02-24
"southsudan","Refugees from South Sudan in neighbouring countries Total","Total Population & Demogrpahy",214082,2014-02-25
"southsudan","Refugees from South Sudan in neighbouring countries Total","Total Population & Demogrpahy",217720,2014-02-26
"southsudan","Refugees from South Sudan in neighbouring countries Total","Total Population & Demogrpahy",217999,2014-02-27
"southsudan","Refugees from South Sudan in neighbouring countries Total","Total Population & Demogrpahy",240423,2014-02-28
"southsudan","Refugees from South Sudan in neighbouring countries Total","Total Population & Demogrpahy",242604,2014-03-01
"southsudan","Refugees from South Sudan in neighbouring countries Total","Total Population & Demogrpahy",250951,2014-03-04
"southsudan","Refugees from South Sudan in neighbouring countries Total","Total Population & Demogrpahy",257638,2014-03-05
"southsudan","Refugees from South Sudan in neighbouring countries Total","Total Population & Demogrpahy",259177,2014-03-06
"southsudan","Refugees from South Sudan in neighbouring countries Total","Total Population & Demogrpahy",260418,2014-03-07
"southsudan","Refugees from South Sudan in neighbouring countries Total","Total Population & Demogrpahy",262057,2014-03-08
"southsudan","Refugees from South Sudan in neighbouring countries Total","Total Population & Demogrpahy",263349,2014-03-11
"southsudan","Refugees from South Sudan in neighbouring countries Total","Total Population & Demogrpahy",265850,2014-03-12
"southsudan","Refugees from South Sudan in neighbouring countries Total","Total Population & Demogrpahy",266128,2014-03-13
"southsudan","Refugees from South Sudan in neighbouring countries Total","Total Population & Demogrpahy",267956,2014-03-15
"southsudan","Refugees from South Sudan in neighbouring countries Total","Total Population & Demogrpahy",273479,2014-03-16
"southsudan","Refugees from South Sudan in neighbouring countries Total","Total Population & Demogrpahy",275645,2014-03-17
"southsudan","Refugees from South Sudan in neighbouring countries Total","Total Population & Demogrpahy",291018,2014-03-20
"southsudan","Refugees from South Sudan in neighbouring countries Total","Total Population & Demogrpahy",295372,2014-03-23
"southsudan","Refugees from South Sudan in neighbouring countries Total","Total Population & Demogrpahy",299981,2014-03-26
"southsudan","Refugees from South Sudan in neighbouring countries Total","Total Population & Demogrpahy",302151,2014-03-28
"southsudan","Refugees from South Sudan in neighbouring countries Total","Total Population & Demogrpahy",302968,2014-03-29
"southsudan","Refugees from South Sudan in neighbouring countries Total","Total Population & Demogrpahy",306087,2014-03-31
"southsudan","Refugees from South Sudan in neighbouring countries Total","Total Population & Demogrpahy",353719,2014-05-06
"southsudan","Refugees from South Sudan in neighbouring countries Total","Total Population & Demogrpahy",356559,2014-05-14
"southsudan","Refugees from South Sudan in neighbouring countries Total","Total Population & Demogrpahy",357589,2014-05-15
"southsudan","Refugees from South Sudan in neighbouring countries Total","Total Population & Demogrpahy",359472,2014-05-19
"southsudan","Refugees from South Sudan in neighbouring countries Total","Total Population & Demogrpahy",362646,2014-05-21
"southsudan","Refugees from South Sudan in neighbouring countries Total","Total Population & Demogrpahy",363676,2014-05-23
"southsudan","Refugees from South Sudan in neighbouring countries Total","Total Population & Demogrpahy",475721,2014-05-27
"southsudan","Refugees from South Sudan in neighbouring countries Total","Total Population & Demogrpahy",475768,2014-05-28
"syria","Persons awaiting registration","Total Population & Demogrpahy",66714,2014-06-09
"syria","Persons awaiting registration","Total Population & Demogrpahy",68088,2014-06-05
"syria","Persons awaiting registration","Total Population & Demogrpahy",69265,2014-06-05
"syria","Persons awaiting registration","Total Population & Demogrpahy",69265,2014-06-04
"syria","Persons awaiting registration","Total Population & Demogrpahy",70272,2014-06-03
"syria","Persons awaiting registration","Total Population & Demogrpahy",70521,2014-06-02
"syria","Registered Syrian Refugees","Total Population & Demogrpahy",2775445,2014-06-09
"syria","Registered Syrian Refugees","Total Population & Demogrpahy",133843,2012-08-07
"syria","Registered Syrian Refugees","Total Population & Demogrpahy",137106,2012-08-08
"syria","Registered Syrian Refugees","Total Population & Demogrpahy",1605576,2013-07-10
"syria","Registered Syrian Refugees","Total Population & Demogrpahy",104196,2012-07-06
"syria","Registered Syrian Refugees","Total Population & Demogrpahy",1224903,2013-04-26
"syria","Registered Syrian Refugees","Total Population & Demogrpahy",1234689,2013-05-12
"syria","Registered Syrian Refugees","Total Population & Demogrpahy",1235225,2013-04-29
"syria","Registered Syrian Refugees","Total Population & Demogrpahy",2773436,2014-06-08
"syria","Registered Syrian Refugees","Total Population & Demogrpahy",130820,2012-08-03
"syria","Registered Syrian Refugees","Total Population & Demogrpahy",131307,2012-08-06
"syria","Registered Syrian Refugees","Total Population & Demogrpahy",1442971,2013-06-09
"syria","Registered Syrian Refugees","Total Population & Demogrpahy",1671373,2013-07-24
"syria","Registered Syrian Refugees","Total Population & Demogrpahy",1108364,2013-04-12
"syria","Registered Syrian Refugees","Total Population & Demogrpahy",1257460,2013-05-02
"syria","Registered Syrian Refugees","Total Population & Demogrpahy",126657,2012-07-26
"syria","Registered Syrian Refugees","Total Population & Demogrpahy",1268412,2013-05-07
"syria","Registered Syrian Refugees","Total Population & Demogrpahy",1872067,2013-09-05
"syria","Registered Syrian Refugees","Total Population & Demogrpahy",1323904,2013-05-17
"syria","Registered Syrian Refugees","Total Population & Demogrpahy",2771190,2014-06-05
"syria","Registered Syrian Refugees","Total Population & Demogrpahy",1370125,2013-05-23
"syria","Registered Syrian Refugees","Total Population & Demogrpahy",1985111,2013-09-23
"syria","Registered Syrian Refugees","Total Population & Demogrpahy",1528358,2013-06-25
"syria","Registered Syrian Refugees","Total Population & Demogrpahy",115014,2012-07-19
"syria","Registered Syrian Refugees","Total Population & Demogrpahy",115014,2012-07-18
"syria","Registered Syrian Refugees","Total Population & Demogrpahy",130780,2012-08-01
"syria","Registered Syrian Refugees","Total Population & Demogrpahy",1323866,2013-05-18
"syria","Registered Syrian Refugees","Total Population & Demogrpahy",2768031,2014-06-05
"syria","Registered Syrian Refugees","Total Population & Demogrpahy",1133087,2013-04-16
"syria","Registered Syrian Refugees","Total Population & Demogrpahy",1275768,2013-05-13
"syria","Registered Syrian Refugees","Total Population & Demogrpahy",101912,2012-07-04
"syria","Registered Syrian Refugees","Total Population & Demogrpahy",122541,2012-07-22
"syria","Registered Syrian Refugees","Total Population & Demogrpahy",1423807,2013-05-30
"syria","Registered Syrian Refugees","Total Population & Demogrpahy",142658,2012-08-10
"syria","Registered Syrian Refugees","Total Population & Demogrpahy",2767354,2014-06-04
"syria","Registered Syrian Refugees","Total Population & Demogrpahy",1324471,2013-05-19
"syria","Registered Syrian Refugees","Total Population & Demogrpahy",1337317,2013-05-20
"syria","Registered Syrian Refugees","Total Population & Demogrpahy",1087308,2013-04-09
"syria","Registered Syrian Refugees","Total Population & Demogrpahy",1403494,2013-05-27
"syria","Registered Syrian Refugees","Total Population & Demogrpahy",1416104,2013-06-04
"syria","Registered Syrian Refugees","Total Population & Demogrpahy",2766369,2014-06-03
"syria","Registered Syrian Refugees","Total Population & Demogrpahy",158716,2012-08-16
"syria","Registered Syrian Refugees","Total Population & Demogrpahy",1594804,2013-07-11
"syria","Registered Syrian Refugees","Total Population & Demogrpahy",1476497,2013-06-16
"syria","Registered Syrian Refugees","Total Population & Demogrpahy",1490186,2013-06-17
"syria","Registered Syrian Refugees","Total Population & Demogrpahy",128081,2012-07-30
"syria","Registered Syrian Refugees","Total Population & Demogrpahy",1437839,2013-06-06
"syria","Registered Syrian Refugees","Total Population & Demogrpahy",208140,2012-09-05
"syria","Registered Syrian Refugees","Total Population & Demogrpahy",1456412,2013-06-11
"syria","Registered Syrian Refugees","Total Population & Demogrpahy",1464755,2013-06-12
"syria","Registered Syrian Refugees","Total Population & Demogrpahy",2764306,2014-06-02
"syria","Registered Syrian Refugees","Total Population & Demogrpahy",1064495,2013-04-06
"syria","Registered Syrian Refugees","Total Population & Demogrpahy",106691,2012-07-10
"syria","Registered Syrian Refugees","Total Population & Demogrpahy",122304,2012-07-20
"syria","Registered Syrian Refugees","Total Population & Demogrpahy",1552994,2013-06-27
"syria","Registered Syrian Refugees","Total Population & Demogrpahy",1555426,2013-06-28
"syria","Registered Syrian Refugees","Total Population & Demogrpahy",1499819,2013-06-19
"syria","Registered Syrian Refugees","Total Population & Demogrpahy",1512160,2013-06-21
"syria","Registered Syrian Refugees","Total Population & Demogrpahy",1516510,2013-06-23
"syria","Registered Syrian Refugees","Total Population & Demogrpahy",1574346,2013-07-03
"syria","Registered Syrian Refugees","Total Population & Demogrpahy",1579339,2013-07-04
"syria","Registered Syrian Refugees","Total Population & Demogrpahy",158201,2012-08-15
"syria","Registered Syrian Refugees","Total Population & Demogrpahy",1112599,2013-04-14
"syria","Registered Syrian Refugees","Total Population & Demogrpahy",138410,2012-08-09
"syria","Registered Syrian Refugees","Total Population & Demogrpahy",1582495,2013-07-07
"syria","Registered Syrian Refugees","Total Population & Demogrpahy",211932,2012-09-07
"syria","Registered Syrian Refugees","Total Population & Demogrpahy",159677,2012-08-17
"syria","Registered Syrian Refugees","Total Population & Demogrpahy",1597452,2013-07-12
"syria","Registered Syrian Refugees","Total Population & Demogrpahy",1005544,2013-04-01
"syria","Registered Syrian Refugees","Total Population & Demogrpahy",1014558,2013-04-02
"syria","Registered Syrian Refugees","Total Population & Demogrpahy",1606134,2013-07-14
"syria","Registered Syrian Refugees","Total Population & Demogrpahy",1021993,2013-04-03
"syria","Registered Syrian Refugees","Total Population & Demogrpahy",1027123,2013-04-04
"syria","Registered Syrian Refugees","Total Population & Demogrpahy",103474,2012-07-05
"syria","Registered Syrian Refugees","Total Population & Demogrpahy",1635861,2013-07-17
"syria","Registered Syrian Refugees","Total Population & Demogrpahy",1063919,2013-04-05
"syria","Registered Syrian Refugees","Total Population & Demogrpahy",1638915,2013-07-18
"syria","Registered Syrian Refugees","Total Population & Demogrpahy",1641470,2013-07-19
"syria","Registered Syrian Refugees","Total Population & Demogrpahy",106945,2012-07-11
"syria","Registered Syrian Refugees","Total Population & Demogrpahy",1071822,2013-04-07
"syria","Registered Syrian Refugees","Total Population & Demogrpahy",1080456,2013-04-08
"syria","Registered Syrian Refugees","Total Population & Demogrpahy",1675695,2013-07-25
"syria","Registered Syrian Refugees","Total Population & Demogrpahy",1095022,2013-04-10
"syria","Registered Syrian Refugees","Total Population & Demogrpahy",1102843,2013-04-11
"syria","Registered Syrian Refugees","Total Population & Demogrpahy",1108136,2013-04-13
"syria","Registered Syrian Refugees","Total Population & Demogrpahy",1694277,2013-07-30
"syria","Registered Syrian Refugees","Total Population & Demogrpahy",110879,2012-07-12
"syria","Registered Syrian Refugees","Total Population & Demogrpahy",169949,2012-08-22
"syria","Registered Syrian Refugees","Total Population & Demogrpahy",111268,2012-07-14
"syria","Registered Syrian Refugees","Total Population & Demogrpahy",111268,2012-07-15
"syria","Registered Syrian Refugees","Total Population & Demogrpahy",111847,2012-07-16
"syria","Registered Syrian Refugees","Total Population & Demogrpahy",1124095,2013-04-15
"syria","Registered Syrian Refugees","Total Population & Demogrpahy",1714485,2013-08-06
"syria","Registered Syrian Refugees","Total Population & Demogrpahy",1139210,2013-04-17
"syria","Registered Syrian Refugees","Total Population & Demogrpahy",1148491,2013-04-18
"syria","Registered Syrian Refugees","Total Population & Demogrpahy",1724584,2013-08-09
"syria","Registered Syrian Refugees","Total Population & Demogrpahy",1157036,2013-04-20
"syria","Registered Syrian Refugees","Total Population & Demogrpahy",1164512,2013-04-21
"syria","Registered Syrian Refugees","Total Population & Demogrpahy",1196882,2013-04-22
"syria","Registered Syrian Refugees","Total Population & Demogrpahy",1205757,2013-04-23
"syria","Registered Syrian Refugees","Total Population & Demogrpahy",1213869,2013-04-24
"syria","Registered Syrian Refugees","Total Population & Demogrpahy",1220847,2013-04-25
"syria","Registered Syrian Refugees","Total Population & Demogrpahy",1744155,2013-08-16
"syria","Registered Syrian Refugees","Total Population & Demogrpahy",12249,2012-01-19
"syria","Registered Syrian Refugees","Total Population & Demogrpahy",175573,2012-08-23
"syria","Registered Syrian Refugees","Total Population & Demogrpahy",175893,2012-08-24
"syria","Registered Syrian Refugees","Total Population & Demogrpahy",1228257,2013-05-09
"syria","Registered Syrian Refugees","Total Population & Demogrpahy",123246,2012-07-23
"syria","Registered Syrian Refugees","Total Population & Demogrpahy",1232927,2013-05-10
"syria","Registered Syrian Refugees","Total Population & Demogrpahy",1778420,2013-08-23
"syria","Registered Syrian Refugees","Total Population & Demogrpahy",1778429,2013-08-24
"syria","Registered Syrian Refugees","Total Population & Demogrpahy",12386,2012-01-24
"syria","Registered Syrian Refugees","Total Population & Demogrpahy",124421,2012-07-24
"syria","Registered Syrian Refugees","Total Population & Demogrpahy",1245963,2013-04-30
"syria","Registered Syrian Refugees","Total Population & Demogrpahy",1246504,2013-05-01
"syria","Registered Syrian Refugees","Total Population & Demogrpahy",181535,2012-08-26
"syria","Registered Syrian Refugees","Total Population & Demogrpahy",1260228,2013-05-03
"syria","Registered Syrian Refugees","Total Population & Demogrpahy",1260921,2013-05-05
"syria","Registered Syrian Refugees","Total Population & Demogrpahy",126380,2012-07-25
"syria","Registered Syrian Refugees","Total Population & Demogrpahy",1265066,2013-05-06
"syria","Registered Syrian Refugees","Total Population & Demogrpahy",1855939,2013-09-02
"syria","Registered Syrian Refugees","Total Population & Demogrpahy",1866429,2013-09-03
"syria","Registered Syrian Refugees","Total Population & Demogrpahy",126881,2012-07-29
"syria","Registered Syrian Refugees","Total Population & Demogrpahy",1274485,2013-05-08
"syria","Registered Syrian Refugees","Total Population & Demogrpahy",1275693,2013-05-14
"syria","Registered Syrian Refugees","Total Population & Demogrpahy",18704,2012-02-10
"syria","Registered Syrian Refugees","Total Population & Demogrpahy",231575,2012-09-20
"syria","Registered Syrian Refugees","Total Population & Demogrpahy",129857,2012-07-31
"syria","Registered Syrian Refugees","Total Population & Demogrpahy",130613,2012-08-02
"syria","Registered Syrian Refugees","Total Population & Demogrpahy",187956,2012-08-28
"syria","Registered Syrian Refugees","Total Population & Demogrpahy",1885818,2013-09-12
"syria","Registered Syrian Refugees","Total Population & Demogrpahy",18861,2012-01-31
"syria","Registered Syrian Refugees","Total Population & Demogrpahy",1313379,2013-05-15
"syria","Registered Syrian Refugees","Total Population & Demogrpahy",1319620,2013-05-16
"syria","Registered Syrian Refugees","Total Population & Demogrpahy",1928940,2013-09-16
"syria","Registered Syrian Refugees","Total Population & Demogrpahy",1932391,2013-09-17
"syria","Registered Syrian Refugees","Total Population & Demogrpahy",193513,2012-08-30
"syria","Registered Syrian Refugees","Total Population & Demogrpahy",1961539,2013-09-18
"syria","Registered Syrian Refugees","Total Population & Demogrpahy",1962989,2013-09-19
"syria","Registered Syrian Refugees","Total Population & Demogrpahy",1351717,2013-05-21
"syria","Registered Syrian Refugees","Total Population & Demogrpahy",1358806,2013-05-22
"syria","Registered Syrian Refugees","Total Population & Demogrpahy",1981868,2013-09-22
"syria","Registered Syrian Refugees","Total Population & Demogrpahy",2346697,2014-01-16
"syria","Registered Syrian Refugees","Total Population & Demogrpahy",1373882,2013-05-24
"syria","Registered Syrian Refugees","Total Population & Demogrpahy",1374865,2013-05-26
"syria","Registered Syrian Refugees","Total Population & Demogrpahy",199471,2012-08-31
"syria","Registered Syrian Refugees","Total Population & Demogrpahy",1994779,2013-09-26
"syria","Registered Syrian Refugees","Total Population & Demogrpahy",1409640,2013-06-03
"syria","Registered Syrian Refugees","Total Population & Demogrpahy",1410865,2013-05-28
"syria","Registered Syrian Refugees","Total Population & Demogrpahy",2002825,2013-09-29
"syria","Registered Syrian Refugees","Total Population & Demogrpahy",1417527,2013-05-29
"syria","Registered Syrian Refugees","Total Population & Demogrpahy",1423036,2013-05-31
"syria","Registered Syrian Refugees","Total Population & Demogrpahy",2017839,2013-10-01
"syria","Registered Syrian Refugees","Total Population & Demogrpahy",2030271,2013-10-02
"syria","Registered Syrian Refugees","Total Population & Demogrpahy",1430995,2013-06-05
"syria","Registered Syrian Refugees","Total Population & Demogrpahy",20437,2012-02-24
"syria","Registered Syrian Refugees","Total Population & Demogrpahy",1440662,2013-06-07
"syria","Registered Syrian Refugees","Total Population & Demogrpahy",2046232,2013-10-06
"syria","Registered Syrian Refugees","Total Population & Demogrpahy",205027,2012-09-03
"syria","Registered Syrian Refugees","Total Population & Demogrpahy",1456463,2013-06-10
"syria","Registered Syrian Refugees","Total Population & Demogrpahy",2061018,2013-10-08
"syria","Registered Syrian Refugees","Total Population & Demogrpahy",1470603,2013-06-13
"syria","Registered Syrian Refugees","Total Population & Demogrpahy",1474184,2013-06-14
"syria","Registered Syrian Refugees","Total Population & Demogrpahy",2070846,2013-10-10
"syria","Registered Syrian Refugees","Total Population & Demogrpahy",2070850,2013-10-11
"syria","Registered Syrian Refugees","Total Population & Demogrpahy",1495501,2013-06-18
"syria","Registered Syrian Refugees","Total Population & Demogrpahy",2077517,2013-10-14
"syria","Registered Syrian Refugees","Total Population & Demogrpahy",1510354,2013-06-20
"syria","Registered Syrian Refugees","Total Population & Demogrpahy",2433755,2014-02-06
"syria","Registered Syrian Refugees","Total Population & Demogrpahy",2083652,2013-10-17
"syria","Registered Syrian Refugees","Total Population & Demogrpahy",1521582,2013-06-24
"syria","Registered Syrian Refugees","Total Population & Demogrpahy",208665,2012-09-06
"syria","Registered Syrian Refugees","Total Population & Demogrpahy",153028,2012-08-14
"syria","Registered Syrian Refugees","Total Population & Demogrpahy",1547643,2013-06-26
"syria","Registered Syrian Refugees","Total Population & Demogrpahy",2095450,2013-10-22
"syria","Registered Syrian Refugees","Total Population & Demogrpahy",2100034,2013-10-23
"syria","Registered Syrian Refugees","Total Population & Demogrpahy",1558395,2013-06-30
"syria","Registered Syrian Refugees","Total Population & Demogrpahy",1561526,2013-07-01
"syria","Registered Syrian Refugees","Total Population & Demogrpahy",1569179,2013-07-02
"syria","Registered Syrian Refugees","Total Population & Demogrpahy",2109535,2013-10-27
"syria","Registered Syrian Refugees","Total Population & Demogrpahy",2112829,2013-10-31
"syria","Registered Syrian Refugees","Total Population & Demogrpahy",2113414,2013-11-01
"syria","Registered Syrian Refugees","Total Population & Demogrpahy",2114725,2013-10-28
"syria","Registered Syrian Refugees","Total Population & Demogrpahy",2117104,2013-10-29
"syria","Registered Syrian Refugees","Total Population & Demogrpahy",1593920,2013-07-08
"syria","Registered Syrian Refugees","Total Population & Demogrpahy",2474297,2014-02-27
"syria","Registered Syrian Refugees","Total Population & Demogrpahy",2121535,2013-11-03
"syria","Registered Syrian Refugees","Total Population & Demogrpahy",2121572,2013-11-04
"syria","Registered Syrian Refugees","Total Population & Demogrpahy",1597562,2013-07-09
"syria","Registered Syrian Refugees","Total Population & Demogrpahy",1598259,2013-07-13
"syria","Registered Syrian Refugees","Total Population & Demogrpahy",213671,2012-09-11
"syria","Registered Syrian Refugees","Total Population & Demogrpahy",2153072,2013-11-07
"syria","Registered Syrian Refugees","Total Population & Demogrpahy",160616,2012-08-21
"syria","Registered Syrian Refugees","Total Population & Demogrpahy",1613864,2013-07-15
"syria","Registered Syrian Refugees","Total Population & Demogrpahy",1616693,2013-07-16
"syria","Registered Syrian Refugees","Total Population & Demogrpahy",2173086,2013-11-12
"syria","Registered Syrian Refugees","Total Population & Demogrpahy",2176160,2013-11-13
"syria","Registered Syrian Refugees","Total Population & Demogrpahy",21767,2012-02-29
"syria","Registered Syrian Refugees","Total Population & Demogrpahy",1641860,2013-07-21
"syria","Registered Syrian Refugees","Total Population & Demogrpahy",1661833,2013-07-22
"syria","Registered Syrian Refugees","Total Population & Demogrpahy",1665743,2013-07-23
"syria","Registered Syrian Refugees","Total Population & Demogrpahy",218087,2012-09-12
"syria","Registered Syrian Refugees","Total Population & Demogrpahy",2181948,2013-11-15
"syria","Registered Syrian Refugees","Total Population & Demogrpahy",1677517,2013-07-26
"syria","Registered Syrian Refugees","Total Population & Demogrpahy",1679974,2013-07-28
"syria","Registered Syrian Refugees","Total Population & Demogrpahy",1683945,2013-07-29
"syria","Registered Syrian Refugees","Total Population & Demogrpahy",2196605,2013-11-19
"syria","Registered Syrian Refugees","Total Population & Demogrpahy",219925,2012-09-13
"syria","Registered Syrian Refugees","Total Population & Demogrpahy",1701365,2013-07-31
"syria","Registered Syrian Refugees","Total Population & Demogrpahy",1705820,2013-08-01
"syria","Registered Syrian Refugees","Total Population & Demogrpahy",1707952,2013-08-02
"syria","Registered Syrian Refugees","Total Population & Demogrpahy",1708283,2013-08-04
"syria","Registered Syrian Refugees","Total Population & Demogrpahy",2208673,2013-11-25
"syria","Registered Syrian Refugees","Total Population & Demogrpahy",1718857,2013-08-05
"syria","Registered Syrian Refugees","Total Population & Demogrpahy",1721209,2013-08-07
"syria","Registered Syrian Refugees","Total Population & Demogrpahy",1723923,2013-08-08
"syria","Registered Syrian Refugees","Total Population & Demogrpahy",222165,2012-09-16
"syria","Registered Syrian Refugees","Total Population & Demogrpahy",1726010,2013-08-11
"syria","Registered Syrian Refugees","Total Population & Demogrpahy",1728870,2013-08-12
"syria","Registered Syrian Refugees","Total Population & Demogrpahy",1733914,2013-08-13
"syria","Registered Syrian Refugees","Total Population & Demogrpahy",1738985,2013-08-14
"syria","Registered Syrian Refugees","Total Population & Demogrpahy",1741843,2013-08-15
"syria","Registered Syrian Refugees","Total Population & Demogrpahy",1741896,2013-08-18
"syria","Registered Syrian Refugees","Total Population & Demogrpahy",2252398,2013-12-03
"syria","Registered Syrian Refugees","Total Population & Demogrpahy",1754278,2013-08-19
"syria","Registered Syrian Refugees","Total Population & Demogrpahy",2259342,2013-12-05
"syria","Registered Syrian Refugees","Total Population & Demogrpahy",2261500,2013-12-06
"syria","Registered Syrian Refugees","Total Population & Demogrpahy",1763747,2013-08-20
"syria","Registered Syrian Refugees","Total Population & Demogrpahy",1767135,2013-08-21
"syria","Registered Syrian Refugees","Total Population & Demogrpahy",1775992,2013-08-22
"syria","Registered Syrian Refugees","Total Population & Demogrpahy",2272818,2013-12-10
"syria","Registered Syrian Refugees","Total Population & Demogrpahy",2275733,2013-12-11
"syria","Registered Syrian Refugees","Total Population & Demogrpahy",1779634,2013-08-25
"syria","Registered Syrian Refugees","Total Population & Demogrpahy",1787366,2013-08-26
"syria","Registered Syrian Refugees","Total Population & Demogrpahy",181057,2012-08-25
"syria","Registered Syrian Refugees","Total Population & Demogrpahy",1813578,2013-08-27
"syria","Registered Syrian Refugees","Total Population & Demogrpahy",2299705,2013-12-16
"syria","Registered Syrian Refugees","Total Population & Demogrpahy",1820862,2013-08-28
"syria","Registered Syrian Refugees","Total Population & Demogrpahy",1830557,2013-08-29
"syria","Registered Syrian Refugees","Total Population & Demogrpahy",1834708,2013-08-31
"syria","Registered Syrian Refugees","Total Population & Demogrpahy",1840028,2013-09-01
"syria","Registered Syrian Refugees","Total Population & Demogrpahy",2306664,2013-12-18
"syria","Registered Syrian Refugees","Total Population & Demogrpahy",2308438,2013-12-19
"syria","Registered Syrian Refugees","Total Population & Demogrpahy",186735,2012-08-27
"syria","Registered Syrian Refugees","Total Population & Demogrpahy",18676,2012-01-27
"syria","Registered Syrian Refugees","Total Population & Demogrpahy",1869063,2013-09-04
"syria","Registered Syrian Refugees","Total Population & Demogrpahy",2315552,2013-12-24
"syria","Registered Syrian Refugees","Total Population & Demogrpahy",2668061,2014-04-29
"syria","Registered Syrian Refugees","Total Population & Demogrpahy",1874246,2013-09-06
"syria","Registered Syrian Refugees","Total Population & Demogrpahy",1877020,2013-09-09
"syria","Registered Syrian Refugees","Total Population & Demogrpahy",2319063,2014-01-07
"syria","Registered Syrian Refugees","Total Population & Demogrpahy",2320154,2013-12-26
"syria","Registered Syrian Refugees","Total Population & Demogrpahy",2321837,2014-01-08
"syria","Registered Syrian Refugees","Total Population & Demogrpahy",1889185,2013-09-14
"syria","Registered Syrian Refugees","Total Population & Demogrpahy",190154,2012-08-29
"syria","Registered Syrian Refugees","Total Population & Demogrpahy",2325533,2014-01-09
"syria","Registered Syrian Refugees","Total Population & Demogrpahy",2327737,2013-12-30
"syria","Registered Syrian Refugees","Total Population & Demogrpahy",2330256,2014-01-10
"syria","Registered Syrian Refugees","Total Population & Demogrpahy",23317,2012-03-15
"syria","Registered Syrian Refugees","Total Population & Demogrpahy",2332239,2014-01-12
"syria","Registered Syrian Refugees","Total Population & Demogrpahy",19654,2012-02-14
"syria","Registered Syrian Refugees","Total Population & Demogrpahy",1969213,2013-09-21
"syria","Registered Syrian Refugees","Total Population & Demogrpahy",2344470,2014-01-15
"syria","Registered Syrian Refugees","Total Population & Demogrpahy",2723596,2014-05-15
"syria","Registered Syrian Refugees","Total Population & Demogrpahy",1993882,2013-09-25
"syria","Registered Syrian Refugees","Total Population & Demogrpahy",1993915,2013-09-24
"syria","Registered Syrian Refugees","Total Population & Demogrpahy",235539,2012-09-21
"syria","Registered Syrian Refugees","Total Population & Demogrpahy",235821,2012-09-23
"syria","Registered Syrian Refugees","Total Population & Demogrpahy",200063,2012-09-02
"syria","Registered Syrian Refugees","Total Population & Demogrpahy",2002456,2013-09-27
"syria","Registered Syrian Refugees","Total Population & Demogrpahy",2373446,2014-01-22
"syria","Registered Syrian Refugees","Total Population & Demogrpahy",20043,2012-02-17
"syria","Registered Syrian Refugees","Total Population & Demogrpahy",2005752,2013-09-30
"syria","Registered Syrian Refugees","Total Population & Demogrpahy",2380063,2014-01-24
"syria","Registered Syrian Refugees","Total Population & Demogrpahy",2383367,2014-01-26
"syria","Registered Syrian Refugees","Total Population & Demogrpahy",2041175,2013-10-03
"syria","Registered Syrian Refugees","Total Population & Demogrpahy",238835,2012-09-25
"syria","Registered Syrian Refugees","Total Population & Demogrpahy",2043805,2013-10-04
"syria","Registered Syrian Refugees","Total Population & Demogrpahy",2394028,2014-01-29
"syria","Registered Syrian Refugees","Total Population & Demogrpahy",2396806,2014-01-30
"syria","Registered Syrian Refugees","Total Population & Demogrpahy",2053173,2013-10-07
"syria","Registered Syrian Refugees","Total Population & Demogrpahy",241177,2012-09-26
"syria","Registered Syrian Refugees","Total Population & Demogrpahy",206353,2012-09-04
"syria","Registered Syrian Refugees","Total Population & Demogrpahy",2065004,2013-10-09
"syria","Registered Syrian Refugees","Total Population & Demogrpahy",2416113,2014-02-03
"syria","Registered Syrian Refugees","Total Population & Demogrpahy",2417736,2014-02-04
"syria","Registered Syrian Refugees","Total Population & Demogrpahy",2071459,2013-10-13
"syria","Registered Syrian Refugees","Total Population & Demogrpahy",2429299,2014-02-13
"syria","Registered Syrian Refugees","Total Population & Demogrpahy",2079904,2013-10-16
"syria","Registered Syrian Refugees","Total Population & Demogrpahy",299818,2012-10-25
"syria","Registered Syrian Refugees","Total Population & Demogrpahy",2435767,2014-02-07
"syria","Registered Syrian Refugees","Total Population & Demogrpahy",2086233,2013-10-19
"syria","Registered Syrian Refugees","Total Population & Demogrpahy",2440448,2014-02-16
"syria","Registered Syrian Refugees","Total Population & Demogrpahy",2086967,2013-10-20
"syria","Registered Syrian Refugees","Total Population & Demogrpahy",2089473,2013-10-21
"syria","Registered Syrian Refugees","Total Population & Demogrpahy",2444928,2014-02-19
"syria","Registered Syrian Refugees","Total Population & Demogrpahy",2447731,2014-02-10
"syria","Registered Syrian Refugees","Total Population & Demogrpahy",2103707,2013-10-24
"syria","Registered Syrian Refugees","Total Population & Demogrpahy",2106920,2013-10-30
"syria","Registered Syrian Refugees","Total Population & Demogrpahy",2109426,2013-10-25
"syria","Registered Syrian Refugees","Total Population & Demogrpahy",2453278,2014-02-12
"syria","Registered Syrian Refugees","Total Population & Demogrpahy",2461136,2014-02-23
"syria","Registered Syrian Refugees","Total Population & Demogrpahy",246131,2012-09-27
"syria","Registered Syrian Refugees","Total Population & Demogrpahy",2464006,2014-02-24
"syria","Registered Syrian Refugees","Total Population & Demogrpahy",2465337,2014-02-25
"syria","Registered Syrian Refugees","Total Population & Demogrpahy",2119120,2013-11-02
"syria","Registered Syrian Refugees","Total Population & Demogrpahy",365585,2012-11-16
"syria","Registered Syrian Refugees","Total Population & Demogrpahy",2481506,2014-02-28
"syria","Registered Syrian Refugees","Total Population & Demogrpahy",2481606,2014-03-02
"syria","Registered Syrian Refugees","Total Population & Demogrpahy",212456,2012-09-09
"syria","Registered Syrian Refugees","Total Population & Demogrpahy",212882,2012-09-10
"syria","Registered Syrian Refugees","Total Population & Demogrpahy",2493848,2014-03-05
"syria","Registered Syrian Refugees","Total Population & Demogrpahy",2495768,2014-03-06
"syria","Registered Syrian Refugees","Total Population & Demogrpahy",2158212,2013-11-06
"syria","Registered Syrian Refugees","Total Population & Demogrpahy",2159923,2013-11-05
"syria","Registered Syrian Refugees","Total Population & Demogrpahy",2167774,2013-11-11
"syria","Registered Syrian Refugees","Total Population & Demogrpahy",2512901,2014-03-10
"syria","Registered Syrian Refugees","Total Population & Demogrpahy",251406,2012-09-30
"syria","Registered Syrian Refugees","Total Population & Demogrpahy",2516257,2014-03-11
"syria","Registered Syrian Refugees","Total Population & Demogrpahy",2178259,2013-11-08
"syria","Registered Syrian Refugees","Total Population & Demogrpahy",2179458,2013-11-14
"syria","Registered Syrian Refugees","Total Population & Demogrpahy",2179837,2013-11-10
"syria","Registered Syrian Refugees","Total Population & Demogrpahy",252758,2012-10-01
"syria","Registered Syrian Refugees","Total Population & Demogrpahy",2530929,2014-03-16
"syria","Registered Syrian Refugees","Total Population & Demogrpahy",2188409,2013-11-17
"syria","Registered Syrian Refugees","Total Population & Demogrpahy",2191223,2013-11-18
"syria","Registered Syrian Refugees","Total Population & Demogrpahy",21959,2012-03-01
"syria","Registered Syrian Refugees","Total Population & Demogrpahy",2537014,2014-03-19
"syria","Registered Syrian Refugees","Total Population & Demogrpahy",2540148,2014-03-20
"syria","Registered Syrian Refugees","Total Population & Demogrpahy",2202071,2013-11-20
"syria","Registered Syrian Refugees","Total Population & Demogrpahy",2205419,2013-11-21
"syria","Registered Syrian Refugees","Total Population & Demogrpahy",2205562,2013-11-24
"syria","Registered Syrian Refugees","Total Population & Demogrpahy",220712,2012-09-14
"syria","Registered Syrian Refugees","Total Population & Demogrpahy",2551671,2014-03-25
"syria","Registered Syrian Refugees","Total Population & Demogrpahy",22101,2012-03-02
"syria","Registered Syrian Refugees","Total Population & Demogrpahy",22131,2012-03-07
"syria","Registered Syrian Refugees","Total Population & Demogrpahy",2216699,2013-11-26
"syria","Registered Syrian Refugees","Total Population & Demogrpahy",2558091,2014-03-28
"syria","Registered Syrian Refugees","Total Population & Demogrpahy",2229191,2013-11-27
"syria","Registered Syrian Refugees","Total Population & Demogrpahy",223258,2012-09-17
"syria","Registered Syrian Refugees","Total Population & Demogrpahy",2233205,2013-11-28
"syria","Registered Syrian Refugees","Total Population & Demogrpahy",2246131,2013-11-30
"syria","Registered Syrian Refugees","Total Population & Demogrpahy",2246171,2013-12-02
"syria","Registered Syrian Refugees","Total Population & Demogrpahy",225100,2012-09-18
"syria","Registered Syrian Refugees","Total Population & Demogrpahy",2600104,2014-04-06
"syria","Registered Syrian Refugees","Total Population & Demogrpahy",2256118,2013-12-04
"syria","Registered Syrian Refugees","Total Population & Demogrpahy",2600675,2014-04-05
"syria","Registered Syrian Refugees","Total Population & Demogrpahy",2606994,2014-04-08
"syria","Registered Syrian Refugees","Total Population & Demogrpahy",226414,2012-09-19
"syria","Registered Syrian Refugees","Total Population & Demogrpahy",2264623,2013-12-08
"syria","Registered Syrian Refugees","Total Population & Demogrpahy",2269094,2013-12-09
"syria","Registered Syrian Refugees","Total Population & Demogrpahy",2614079,2014-04-12
"syria","Registered Syrian Refugees","Total Population & Demogrpahy",262423,2012-10-04
"syria","Registered Syrian Refugees","Total Population & Demogrpahy",2279654,2013-12-12
"syria","Registered Syrian Refugees","Total Population & Demogrpahy",2282276,2013-12-14
"syria","Registered Syrian Refugees","Total Population & Demogrpahy",2283182,2013-12-15
"syria","Registered Syrian Refugees","Total Population & Demogrpahy",2299696,2013-12-17
"syria","Registered Syrian Refugees","Total Population & Demogrpahy",2643913,2014-04-20
"syria","Registered Syrian Refugees","Total Population & Demogrpahy",2301533,2014-01-01
"syria","Registered Syrian Refugees","Total Population & Demogrpahy",2301668,2013-12-31
"syria","Registered Syrian Refugees","Total Population & Demogrpahy",2303746,2014-01-02
"syria","Registered Syrian Refugees","Total Population & Demogrpahy",2304870,2014-01-03
"syria","Registered Syrian Refugees","Total Population & Demogrpahy",2650244,2014-04-14
"syria","Registered Syrian Refugees","Total Population & Demogrpahy",265360,2012-10-05
"syria","Registered Syrian Refugees","Total Population & Demogrpahy",2309788,2013-12-22
"syria","Registered Syrian Refugees","Total Population & Demogrpahy",2310299,2014-01-05
"syria","Registered Syrian Refugees","Total Population & Demogrpahy",2314211,2013-12-23
"syria","Registered Syrian Refugees","Total Population & Demogrpahy",26628,2012-03-31
"syria","Registered Syrian Refugees","Total Population & Demogrpahy",529308,2013-01-11
"syria","Registered Syrian Refugees","Total Population & Demogrpahy",2316667,2014-01-06
"syria","Registered Syrian Refugees","Total Population & Demogrpahy",2316800,2013-12-25
"syria","Registered Syrian Refugees","Total Population & Demogrpahy",2690478,2014-05-04
"syria","Registered Syrian Refugees","Total Population & Demogrpahy",54978,2012-04-25
"syria","Registered Syrian Refugees","Total Population & Demogrpahy",2691072,2014-05-02
"syria","Registered Syrian Refugees","Total Population & Demogrpahy",2322264,2013-12-27
"syria","Registered Syrian Refugees","Total Population & Demogrpahy",2325350,2013-12-29
"syria","Registered Syrian Refugees","Total Population & Demogrpahy",2696844,2014-05-07
"syria","Registered Syrian Refugees","Total Population & Demogrpahy",56116,2012-04-27
"syria","Registered Syrian Refugees","Total Population & Demogrpahy",270051,2012-10-09
"syria","Registered Syrian Refugees","Total Population & Demogrpahy",2702137,2014-05-10
"syria","Registered Syrian Refugees","Total Population & Demogrpahy",2708667,2014-05-11
"syria","Registered Syrian Refugees","Total Population & Demogrpahy",2332688,2014-01-13
"syria","Registered Syrian Refugees","Total Population & Demogrpahy",2335685,2014-01-14
"syria","Registered Syrian Refugees","Total Population & Demogrpahy",2714677,2014-05-13
"syria","Registered Syrian Refugees","Total Population & Demogrpahy",2716800,2014-05-14
"syria","Registered Syrian Refugees","Total Population & Demogrpahy",2348875,2014-01-18
"syria","Registered Syrian Refugees","Total Population & Demogrpahy",2354593,2014-01-19
"syria","Registered Syrian Refugees","Total Population & Demogrpahy",2732327,2014-05-19
"syria","Registered Syrian Refugees","Total Population & Demogrpahy",273733,2012-10-11
"syria","Registered Syrian Refugees","Total Population & Demogrpahy",2364103,2014-01-20
"syria","Registered Syrian Refugees","Total Population & Demogrpahy",2366732,2014-01-21
"syria","Registered Syrian Refugees","Total Population & Demogrpahy",2739409,2014-05-21
"syria","Registered Syrian Refugees","Total Population & Demogrpahy",237653,2012-09-24
"syria","Registered Syrian Refugees","Total Population & Demogrpahy",2377984,2014-01-23
"syria","Registered Syrian Refugees","Total Population & Demogrpahy",2760156,2014-05-27
"syria","Registered Syrian Refugees","Total Population & Demogrpahy",2760224,2014-05-28
"syria","Registered Syrian Refugees","Total Population & Demogrpahy",2388054,2014-01-27
"syria","Registered Syrian Refugees","Total Population & Demogrpahy",2768009,2014-06-01
"syria","Registered Syrian Refugees","Total Population & Demogrpahy",2391309,2014-01-28
"syria","Registered Syrian Refugees","Total Population & Demogrpahy",277258,2012-10-12
"syria","Registered Syrian Refugees","Total Population & Demogrpahy",277729,2012-10-15
"syria","Registered Syrian Refugees","Total Population & Demogrpahy",2398976,2014-01-31
"syria","Registered Syrian Refugees","Total Population & Demogrpahy",283003,2012-10-17
"syria","Registered Syrian Refugees","Total Population & Demogrpahy",2412679,2014-02-02
"syria","Registered Syrian Refugees","Total Population & Demogrpahy",24142,2012-03-16
"syria","Registered Syrian Refugees","Total Population & Demogrpahy",290453,2012-10-21
"syria","Registered Syrian Refugees","Total Population & Demogrpahy",292161,2012-10-22
"syria","Registered Syrian Refugees","Total Population & Demogrpahy",2426077,2014-02-05
"syria","Registered Syrian Refugees","Total Population & Demogrpahy",29599,2012-04-16
"syria","Registered Syrian Refugees","Total Population & Demogrpahy",2431147,2014-02-14
"syria","Registered Syrian Refugees","Total Population & Demogrpahy",299121,2012-10-24
"syria","Registered Syrian Refugees","Total Population & Demogrpahy",300720,2012-10-29
"syria","Registered Syrian Refugees","Total Population & Demogrpahy",2438687,2014-02-17
"syria","Registered Syrian Refugees","Total Population & Demogrpahy",305317,2012-10-31
"syria","Registered Syrian Refugees","Total Population & Demogrpahy",2443007,2014-02-18
"syria","Registered Syrian Refugees","Total Population & Demogrpahy",2444567,2014-02-09
"syria","Registered Syrian Refugees","Total Population & Demogrpahy",314180,2012-11-02
"syria","Registered Syrian Refugees","Total Population & Demogrpahy",320225,2012-11-05
"syria","Registered Syrian Refugees","Total Population & Demogrpahy",2448919,2014-02-20
"syria","Registered Syrian Refugees","Total Population & Demogrpahy",2450156,2014-02-11
"syria","Registered Syrian Refugees","Total Population & Demogrpahy",2450810,2014-02-21
"syria","Registered Syrian Refugees","Total Population & Demogrpahy",328547,2012-11-11
"syria","Registered Syrian Refugees","Total Population & Demogrpahy",328682,2012-11-09
"syria","Registered Syrian Refugees","Total Population & Demogrpahy",357545,2012-11-12
"syria","Registered Syrian Refugees","Total Population & Demogrpahy",359273,2012-11-13
"syria","Registered Syrian Refugees","Total Population & Demogrpahy",364020,2012-11-14
"syria","Registered Syrian Refugees","Total Population & Demogrpahy",2470945,2014-02-26
"syria","Registered Syrian Refugees","Total Population & Demogrpahy",731754,2013-02-18
"syria","Registered Syrian Refugees","Total Population & Demogrpahy",365623,2012-11-17
"syria","Registered Syrian Refugees","Total Population & Demogrpahy",371645,2012-11-18
"syria","Registered Syrian Refugees","Total Population & Demogrpahy",2483975,2014-03-03
"syria","Registered Syrian Refugees","Total Population & Demogrpahy",2486221,2014-03-04
"syria","Registered Syrian Refugees","Total Population & Demogrpahy",385224,2012-11-21
"syria","Registered Syrian Refugees","Total Population & Demogrpahy",756059,2013-02-22
"syria","Registered Syrian Refugees","Total Population & Demogrpahy",2498312,2014-03-07
"syria","Registered Syrian Refugees","Total Population & Demogrpahy",250791,2012-09-28
"syria","Registered Syrian Refugees","Total Population & Demogrpahy",2510517,2014-03-09
"syria","Registered Syrian Refugees","Total Population & Demogrpahy",389562,2012-11-25
"syria","Registered Syrian Refugees","Total Population & Demogrpahy",399149,2012-11-27
"syria","Registered Syrian Refugees","Total Population & Demogrpahy",403490,2012-11-28
"syria","Registered Syrian Refugees","Total Population & Demogrpahy",2518356,2014-03-12
"syria","Registered Syrian Refugees","Total Population & Demogrpahy",2520267,2014-03-13
"syria","Registered Syrian Refugees","Total Population & Demogrpahy",2522944,2014-03-15
"syria","Registered Syrian Refugees","Total Population & Demogrpahy",409598,2012-12-02
"syria","Registered Syrian Refugees","Total Population & Demogrpahy",784099,2013-03-05
"syria","Registered Syrian Refugees","Total Population & Demogrpahy",2532253,2014-03-17
"syria","Registered Syrian Refugees","Total Population & Demogrpahy",25334,2012-03-22
"syria","Registered Syrian Refugees","Total Population & Demogrpahy",2534613,2014-03-18
"syria","Registered Syrian Refugees","Total Population & Demogrpahy",430804,2012-12-06
"syria","Registered Syrian Refugees","Total Population & Demogrpahy",432790,2012-12-08
"syria","Registered Syrian Refugees","Total Population & Demogrpahy",2542240,2014-03-22
"syria","Registered Syrian Refugees","Total Population & Demogrpahy",254278,2012-10-02
"syria","Registered Syrian Refugees","Total Population & Demogrpahy",2544736,2014-03-23
"syria","Registered Syrian Refugees","Total Population & Demogrpahy",2547889,2014-03-24
"syria","Registered Syrian Refugees","Total Population & Demogrpahy",448013,2012-12-13
"syria","Registered Syrian Refugees","Total Population & Demogrpahy",2554371,2014-03-26
"syria","Registered Syrian Refugees","Total Population & Demogrpahy",255582,2012-10-03
"syria","Registered Syrian Refugees","Total Population & Demogrpahy",2556972,2014-03-27
"syria","Registered Syrian Refugees","Total Population & Demogrpahy",45183,2012-04-21
"syria","Registered Syrian Refugees","Total Population & Demogrpahy",45183,2012-04-20
"syria","Registered Syrian Refugees","Total Population & Demogrpahy",2575825,2014-03-30
"syria","Registered Syrian Refugees","Total Population & Demogrpahy",2577318,2014-03-31
"syria","Registered Syrian Refugees","Total Population & Demogrpahy",2580070,2014-04-01
"syria","Registered Syrian Refugees","Total Population & Demogrpahy",2582765,2014-04-02
"syria","Registered Syrian Refugees","Total Population & Demogrpahy",25830,2012-03-29
"syria","Registered Syrian Refugees","Total Population & Demogrpahy",2585182,2014-04-03
"syria","Registered Syrian Refugees","Total Population & Demogrpahy",475552,2012-12-20
"syria","Registered Syrian Refugees","Total Population & Demogrpahy",930264,2013-03-19
"syria","Registered Syrian Refugees","Total Population & Demogrpahy",2604403,2014-04-07
"syria","Registered Syrian Refugees","Total Population & Demogrpahy",480467,2012-12-23
"syria","Registered Syrian Refugees","Total Population & Demogrpahy",2609645,2014-04-09
"syria","Registered Syrian Refugees","Total Population & Demogrpahy",2611099,2014-04-10
"syria","Registered Syrian Refugees","Total Population & Demogrpahy",493423,2012-12-28
"syria","Registered Syrian Refugees","Total Population & Demogrpahy",494818,2012-12-29
"syria","Registered Syrian Refugees","Total Population & Demogrpahy",2636777,2014-04-15
"syria","Registered Syrian Refugees","Total Population & Demogrpahy",2638509,2014-04-16
"syria","Registered Syrian Refugees","Total Population & Demogrpahy",2641162,2014-04-17
"syria","Registered Syrian Refugees","Total Population & Demogrpahy",2643822,2014-04-21
"syria","Registered Syrian Refugees","Total Population & Demogrpahy",506097,2013-01-02
"syria","Registered Syrian Refugees","Total Population & Demogrpahy",2645970,2014-04-24
"syria","Registered Syrian Refugees","Total Population & Demogrpahy",2646151,2014-04-23
"syria","Registered Syrian Refugees","Total Population & Demogrpahy",2646559,2014-04-22
"syria","Registered Syrian Refugees","Total Population & Demogrpahy",2647871,2014-04-13
"syria","Registered Syrian Refugees","Total Population & Demogrpahy",520371,2013-01-07
"syria","Registered Syrian Refugees","Total Population & Demogrpahy",524999,2013-01-08
"syria","Registered Syrian Refugees","Total Population & Demogrpahy",2653939,2014-04-25
"syria","Registered Syrian Refugees","Total Population & Demogrpahy",2659538,2014-04-26
"syria","Registered Syrian Refugees","Total Population & Demogrpahy",2659650,2014-04-27
"syria","Registered Syrian Refugees","Total Population & Demogrpahy",2662432,2014-04-28
"syria","Registered Syrian Refugees","Total Population & Demogrpahy",790820,2013-03-08
"syria","Registered Syrian Refugees","Total Population & Demogrpahy",530278,2013-01-13
"syria","Registered Syrian Refugees","Total Population & Demogrpahy",2689042,2014-05-01
"syria","Registered Syrian Refugees","Total Population & Demogrpahy",2689288,2014-04-30
"syria","Registered Syrian Refugees","Total Population & Demogrpahy",553814,2013-01-17
"syria","Registered Syrian Refugees","Total Population & Demogrpahy",557290,2013-01-18
"syria","Registered Syrian Refugees","Total Population & Demogrpahy",269182,2012-10-08
"syria","Registered Syrian Refugees","Total Population & Demogrpahy",2692700,2014-05-05
"syria","Registered Syrian Refugees","Total Population & Demogrpahy",2694465,2014-05-06
"syria","Registered Syrian Refugees","Total Population & Demogrpahy",994246,2013-03-31
"syria","Registered Syrian Refugees","Total Population & Demogrpahy",2699229,2014-05-08
"syria","Registered Syrian Refugees","Total Population & Demogrpahy",570119,2013-01-21
"syria","Registered Syrian Refugees","Total Population & Demogrpahy",577662,2013-01-22
"syria","Registered Syrian Refugees","Total Population & Demogrpahy",583866,2013-01-24
"syria","Registered Syrian Refugees","Total Population & Demogrpahy",2712114,2014-05-12
"syria","Registered Syrian Refugees","Total Population & Demogrpahy",585604,2013-01-26
"syria","Registered Syrian Refugees","Total Population & Demogrpahy",92358,2012-06-24
"syria","Registered Syrian Refugees","Total Population & Demogrpahy",58670,2012-04-30
"syria","Registered Syrian Refugees","Total Population & Demogrpahy",2725008,2014-05-17
"syria","Registered Syrian Refugees","Total Population & Demogrpahy",272634,2012-10-10
"syria","Registered Syrian Refugees","Total Population & Demogrpahy",596813,2013-01-27
"syria","Registered Syrian Refugees","Total Population & Demogrpahy",59841,2012-05-03
"syria","Registered Syrian Refugees","Total Population & Demogrpahy",2737514,2014-05-20
"syria","Registered Syrian Refugees","Total Population & Demogrpahy",2739258,2014-05-22
"syria","Registered Syrian Refugees","Total Population & Demogrpahy",60736,2012-05-08
"syria","Registered Syrian Refugees","Total Population & Demogrpahy",2753074,2014-05-26
"syria","Registered Syrian Refugees","Total Population & Demogrpahy",2753163,2014-05-25
"syria","Registered Syrian Refugees","Total Population & Demogrpahy",618055,2013-01-29
"syria","Registered Syrian Refugees","Total Population & Demogrpahy",62133,2012-05-11
"syria","Registered Syrian Refugees","Total Population & Demogrpahy",2764645,2014-05-29
"syria","Registered Syrian Refugees","Total Population & Demogrpahy",630755,2013-01-31
"syria","Registered Syrian Refugees","Total Population & Demogrpahy",2768041,2014-05-30
"syria","Registered Syrian Refugees","Total Population & Demogrpahy",632252,2013-02-02
"syria","Registered Syrian Refugees","Total Population & Demogrpahy",63354,2012-05-14
"syria","Registered Syrian Refugees","Total Population & Demogrpahy",281418,2012-10-16
"syria","Registered Syrian Refugees","Total Population & Demogrpahy",64551,2012-05-16
"syria","Registered Syrian Refugees","Total Population & Demogrpahy",288258,2012-10-18
"syria","Registered Syrian Refugees","Total Population & Demogrpahy",290151,2012-10-19
"syria","Registered Syrian Refugees","Total Population & Demogrpahy",655841,2013-02-05
"syria","Registered Syrian Refugees","Total Population & Demogrpahy",66410,2012-05-20
"syria","Registered Syrian Refugees","Total Population & Demogrpahy",295606,2012-10-23
"syria","Registered Syrian Refugees","Total Population & Demogrpahy",668411,2013-02-06
"syria","Registered Syrian Refugees","Total Population & Demogrpahy",79754,2012-06-11
"syria","Registered Syrian Refugees","Total Population & Demogrpahy",67539,2012-05-23
"syria","Registered Syrian Refugees","Total Population & Demogrpahy",676903,2013-02-08
"syria","Registered Syrian Refugees","Total Population & Demogrpahy",301867,2012-10-30
"syria","Registered Syrian Refugees","Total Population & Demogrpahy",68311,2012-05-24
"syria","Registered Syrian Refugees","Total Population & Demogrpahy",306555,2012-11-01
"syria","Registered Syrian Refugees","Total Population & Demogrpahy",314137,2012-11-04
"syria","Registered Syrian Refugees","Total Population & Demogrpahy",691683,2013-02-11
"syria","Registered Syrian Refugees","Total Population & Demogrpahy",69410,2012-05-28
"syria","Registered Syrian Refugees","Total Population & Demogrpahy",322597,2012-11-06
"syria","Registered Syrian Refugees","Total Population & Demogrpahy",326025,2012-11-07
"syria","Registered Syrian Refugees","Total Population & Demogrpahy",327763,2012-11-08
"syria","Registered Syrian Refugees","Total Population & Demogrpahy",703785,2013-02-13
"syria","Registered Syrian Refugees","Total Population & Demogrpahy",707998,2013-02-14
"syria","Registered Syrian Refugees","Total Population & Demogrpahy",711447,2013-02-15
"syria","Registered Syrian Refugees","Total Population & Demogrpahy",712132,2013-02-16
"syria","Registered Syrian Refugees","Total Population & Demogrpahy",71749,2012-05-31
"syria","Registered Syrian Refugees","Total Population & Demogrpahy",364047,2012-11-15
"syria","Registered Syrian Refugees","Total Population & Demogrpahy",772377,2013-02-28
"syria","Registered Syrian Refugees","Total Population & Demogrpahy",73630,2012-06-01
"syria","Registered Syrian Refugees","Total Population & Demogrpahy",737866,2013-02-19
"syria","Registered Syrian Refugees","Total Population & Demogrpahy",379626,2012-11-19
"syria","Registered Syrian Refugees","Total Population & Demogrpahy",380895,2012-11-20
"syria","Registered Syrian Refugees","Total Population & Demogrpahy",387675,2012-11-22
"syria","Registered Syrian Refugees","Total Population & Demogrpahy",389020,2012-11-23
"syria","Registered Syrian Refugees","Total Population & Demogrpahy",389343,2012-11-24
"syria","Registered Syrian Refugees","Total Population & Demogrpahy",396760,2012-11-26
"syria","Registered Syrian Refugees","Total Population & Demogrpahy",76778,2012-06-06
"syria","Registered Syrian Refugees","Total Population & Demogrpahy",770754,2013-02-27
"syria","Registered Syrian Refugees","Total Population & Demogrpahy",405890,2012-11-29
"syria","Registered Syrian Refugees","Total Population & Demogrpahy",407070,2012-11-30
"syria","Registered Syrian Refugees","Total Population & Demogrpahy",407100,2012-12-01
"syria","Registered Syrian Refugees","Total Population & Demogrpahy",411428,2012-12-03
"syria","Registered Syrian Refugees","Total Population & Demogrpahy",414407,2012-12-04
"syria","Registered Syrian Refugees","Total Population & Demogrpahy",416984,2012-12-05
"syria","Registered Syrian Refugees","Total Population & Demogrpahy",66667,2012-05-21
"syria","Registered Syrian Refugees","Total Population & Demogrpahy",431979,2012-12-07
"syria","Registered Syrian Refugees","Total Population & Demogrpahy",79360,2012-06-10
"syria","Registered Syrian Refugees","Total Population & Demogrpahy",434299,2012-12-09
"syria","Registered Syrian Refugees","Total Population & Demogrpahy",437433,2012-12-10
"syria","Registered Syrian Refugees","Total Population & Demogrpahy",442279,2012-12-11
"syria","Registered Syrian Refugees","Total Population & Demogrpahy",444808,2012-12-12
"syria","Registered Syrian Refugees","Total Population & Demogrpahy",834567,2013-03-09
"syria","Registered Syrian Refugees","Total Population & Demogrpahy",45011,2012-04-18
"syria","Registered Syrian Refugees","Total Population & Demogrpahy",450328,2012-12-14
"syria","Registered Syrian Refugees","Total Population & Demogrpahy",563875,2013-01-20
"syria","Registered Syrian Refugees","Total Population & Demogrpahy",452826,2012-12-16
"syria","Registered Syrian Refugees","Total Population & Demogrpahy",457653,2012-12-17
"syria","Registered Syrian Refugees","Total Population & Demogrpahy",459948,2012-12-18
"syria","Registered Syrian Refugees","Total Population & Demogrpahy",463236,2012-12-19
"syria","Registered Syrian Refugees","Total Population & Demogrpahy",46589,2012-04-23
"syria","Registered Syrian Refugees","Total Population & Demogrpahy",46959,2012-04-24
"syria","Registered Syrian Refugees","Total Population & Demogrpahy",978982,2013-03-26
"syria","Registered Syrian Refugees","Total Population & Demogrpahy",478399,2012-12-21
"syria","Registered Syrian Refugees","Total Population & Demogrpahy",478674,2012-12-22
"syria","Registered Syrian Refugees","Total Population & Demogrpahy",9500,2012-01-15
"syria","Registered Syrian Refugees","Total Population & Demogrpahy",483915,2012-12-24
"syria","Registered Syrian Refugees","Total Population & Demogrpahy",483939,2012-12-25
"syria","Registered Syrian Refugees","Total Population & Demogrpahy",485922,2012-12-26
"syria","Registered Syrian Refugees","Total Population & Demogrpahy",490581,2012-12-27
"syria","Registered Syrian Refugees","Total Population & Demogrpahy",612306,2013-01-28
"syria","Registered Syrian Refugees","Total Population & Demogrpahy",61291,2012-05-09
"syria","Registered Syrian Refugees","Total Population & Demogrpahy",495781,2012-12-30
"syria","Registered Syrian Refugees","Total Population & Demogrpahy",497965,2012-12-31
"syria","Registered Syrian Refugees","Total Population & Demogrpahy",501651,2013-01-01
"syria","Registered Syrian Refugees","Total Population & Demogrpahy",766249,2013-02-26
"syria","Registered Syrian Refugees","Total Population & Demogrpahy",507962,2013-01-03
"syria","Registered Syrian Refugees","Total Population & Demogrpahy",509402,2013-01-04
"syria","Registered Syrian Refugees","Total Population & Demogrpahy",509575,2013-01-05
"syria","Registered Syrian Refugees","Total Population & Demogrpahy",518511,2013-01-06
"syria","Registered Syrian Refugees","Total Population & Demogrpahy",777592,2013-03-03
"syria","Registered Syrian Refugees","Total Population & Demogrpahy",650198,2013-02-04
"syria","Registered Syrian Refugees","Total Population & Demogrpahy",525911,2013-01-09
"syria","Registered Syrian Refugees","Total Population & Demogrpahy",527958,2013-01-10
"syria","Registered Syrian Refugees","Total Population & Demogrpahy",529307,2013-01-12
"syria","Registered Syrian Refugees","Total Population & Demogrpahy",788417,2013-03-07
"syria","Registered Syrian Refugees","Total Population & Demogrpahy",911784,2013-03-15
"syria","Registered Syrian Refugees","Total Population & Demogrpahy",537001,2013-01-14
"syria","Registered Syrian Refugees","Total Population & Demogrpahy",544093,2013-01-15
"syria","Registered Syrian Refugees","Total Population & Demogrpahy",8000,2011-12-16
"syria","Registered Syrian Refugees","Total Population & Demogrpahy",550126,2013-01-16
"syria","Registered Syrian Refugees","Total Population & Demogrpahy",744264,2013-02-20
"syria","Registered Syrian Refugees","Total Population & Demogrpahy",753780,2013-02-21
"syria","Registered Syrian Refugees","Total Population & Demogrpahy",55754,2012-04-26
"syria","Registered Syrian Refugees","Total Population & Demogrpahy",889019,2013-03-11
"syria","Registered Syrian Refugees","Total Population & Demogrpahy",894289,2013-03-12
"syria","Registered Syrian Refugees","Total Population & Demogrpahy",697826,2013-02-12
"syria","Registered Syrian Refugees","Total Population & Demogrpahy",69860,2012-05-29
"syria","Registered Syrian Refugees","Total Population & Demogrpahy",70206,2012-05-30
"syria","Registered Syrian Refugees","Total Population & Demogrpahy",583877,2013-01-23
"syria","Registered Syrian Refugees","Total Population & Demogrpahy",585584,2013-01-25
"syria","Registered Syrian Refugees","Total Population & Demogrpahy",99892,2012-07-03
"syria","Registered Syrian Refugees","Total Population & Demogrpahy",926725,2013-03-18
"syria","Registered Syrian Refugees","Total Population & Demogrpahy",58754,2012-05-01
"syria","Registered Syrian Refugees","Total Population & Demogrpahy",59350,2012-05-02
"syria","Registered Syrian Refugees","Total Population & Demogrpahy",950757,2013-03-24
"syria","Registered Syrian Refugees","Total Population & Demogrpahy",937253,2013-03-21
"syria","Registered Syrian Refugees","Total Population & Demogrpahy",60167,2012-05-06
"syria","Registered Syrian Refugees","Total Population & Demogrpahy",60410,2012-05-07
"syria","Registered Syrian Refugees","Total Population & Demogrpahy",75444,2012-06-04
"syria","Registered Syrian Refugees","Total Population & Demogrpahy",993743,2013-03-29
"syria","Registered Syrian Refugees","Total Population & Demogrpahy",763533,2013-02-25
"syria","Registered Syrian Refugees","Total Population & Demogrpahy",76445,2012-06-05
"syria","Registered Syrian Refugees","Total Population & Demogrpahy",625347,2013-01-30
"syria","Registered Syrian Refugees","Total Population & Demogrpahy",98302,2012-06-30
"syria","Registered Syrian Refugees","Total Population & Demogrpahy",632020,2013-02-01
"syria","Registered Syrian Refugees","Total Population & Demogrpahy",80878,2012-06-12
"syria","Registered Syrian Refugees","Total Population & Demogrpahy",82904,2012-06-14
"syria","Registered Syrian Refugees","Total Population & Demogrpahy",637688,2013-02-03
"syria","Registered Syrian Refugees","Total Population & Demogrpahy",65445,2012-05-17
"syria","Registered Syrian Refugees","Total Population & Demogrpahy",786404,2013-03-06
"syria","Registered Syrian Refugees","Total Population & Demogrpahy",992167,2013-03-28
"syria","Registered Syrian Refugees","Total Population & Demogrpahy",907425,2013-03-14
"syria","Registered Syrian Refugees","Total Population & Demogrpahy",95991,2012-06-27
"syria","Registered Syrian Refugees","Total Population & Demogrpahy",674516,2013-02-07
"syria","Registered Syrian Refugees","Total Population & Demogrpahy",948725,2013-03-23
"syria","Registered Syrian Refugees","Total Population & Demogrpahy",677996,2013-02-09
"syria","Registered Syrian Refugees","Total Population & Demogrpahy",92814,2012-06-25
"syria","Registered Syrian Refugees","Total Population & Demogrpahy",686181,2013-02-10
"syria","Registered Syrian Refugees","Total Population & Demogrpahy",69004,2012-05-27
"syria","Registered Syrian Refugees","Total Population & Demogrpahy",97378,2012-06-29
"syria","Registered Syrian Refugees","Total Population & Demogrpahy",87269,2012-06-21
"syria","Registered Syrian Refugees","Total Population & Demogrpahy",78579,2012-06-07
"syria","Registered Syrian Refugees","Total Population & Demogrpahy",904409,2013-03-13
"syria","Registered Syrian Refugees","Total Population & Demogrpahy",756157,2013-02-24
"syria","Registered Syrian Refugees","Total Population & Demogrpahy",779499,2013-03-04
"syria","Registered Syrian Refugees","Total Population & Demogrpahy",934280,2013-03-20
"syria","Registered Syrian Refugees","Total Population & Demogrpahy",922718,2013-03-17
"syria","Registered Syrian Refugees","Total Population & Demogrpahy",835430,2013-03-10
"syria","Registered Syrian Refugees","Total Population & Demogrpahy",94497,2012-06-26
"syria","Registered Syrian Refugees","Total Population & Demogrpahy",726447,2013-02-17
"syria","Registered Syrian Refugees","Total Population & Demogrpahy",774581,2013-03-01
"syria","Registered Syrian Refugees","Total Population & Demogrpahy",972439,2013-03-25
"syria","Registered Syrian Refugees","Total Population & Demogrpahy",986639,2013-03-27
"syria","Registered Syrian Refugees","Total Population & Demogrpahy",91998,2012-06-22
"syria","Registered Syrian Refugees","Total Population & Demogrpahy",948780,2013-03-22
"syria","Total Persons of Concern","Total Population & Demogrpahy",2842159,2014-06-09
"syria","Total Persons of Concern","Total Population & Demogrpahy",2837296,2014-06-05
"syria","Total Persons of Concern","Total Population & Demogrpahy",2836641,2014-06-03
"syria","Total Persons of Concern","Total Population & Demogrpahy",2841524,2014-06-08
"syria","Total Persons of Concern","Total Population & Demogrpahy",2839278,2014-06-05
"syria","Total Persons of Concern","Total Population & Demogrpahy",2834827,2014-06-02
"syria","Total Persons of Concern","Total Population & Demogrpahy",2836619,2014-06-04
